{
  "train_loss": [
    1.2066573498213566,
    0.7223906577681979,
    0.6215491397616344,
    0.5787893091067571,
    0.5663174319170486,
    0.5447006428677271,
    0.5451516846600662,
    0.5091834153470877,
    0.5099173711827063,
    0.5009839562827744,
    0.5134312809400855,
    0.5025056314081235,
    0.48931501164971897,
    0.504598325482886,
    0.49498771516976725,
    0.4862467280986022,
    0.49292364228562185,
    0.49295972851439,
    0.48542144029163053,
    0.490448222987868
  ],
  "train_acc": [
    0.6411366711772666,
    0.7847090663058187,
    0.8062246278755075,
    0.8189445196211097,
    0.8177266576454669,
    0.8303112313937754,
    0.8251691474966171,
    0.8378890392422192,
    0.8374830852503383,
    0.8416779431664412,
    0.8372124492557511,
    0.8392422192151556,
    0.8457374830852504,
    0.834641407307172,
    0.8431664411366713,
    0.8470906630581868,
    0.8408660351826793,
    0.845872801082544,
    0.8457374830852504,
    0.8405953991880921
  ],
  "val_loss": [
    0.5997539066183281,
    0.46591340855008884,
    0.45504326679462426,
    0.46482002320693505,
    0.40822128682160647,
    0.3743985878155295,
    0.40921073711174627,
    0.3638643689463021,
    0.3708604514297432,
    0.3718549422307503,
    0.3673235664777599,
    0.3548294484766033,
    0.3806494741539286,
    0.3661048996689648,
    0.36617733517428563,
    0.3709232149323079,
    0.3729350577036741,
    0.3624231192541183,
    0.365700006221248,
    0.36989278211605686
  ],
  "val_acc": [
    0.8242730720606828,
    0.86346396965866,
    0.8546144121365361,
    0.8527180783817953,
    0.8640960809102403,
    0.8742098609355248,
    0.8628318584070798,
    0.8786346396965867,
    0.8761061946902655,
    0.879266750948167,
    0.8824273072060683,
    0.8830594184576486,
    0.8811630847029078,
    0.8836915297092289,
    0.8805309734513275,
    0.879266750948167,
    0.8805309734513275,
    0.8830594184576486,
    0.8817951959544881,
    0.8824273072060683
  ],
  "best_val_acc": 0.8836915297092289,
  "test_acc": 0.8948362720403022,
  "training_time": 1072.7083323001862,
  "epochs": 20,
  "learning_rate": 0.001,
  "timestamp": "2025-10-25 16:41:02"
}