{
  "train_loss": [
    0.9978721793514144,
    0.6165079585270243,
    0.5683738183104137,
    0.5266264491539363,
    0.5065620573350961,
    0.5030526823216749,
    0.49858127254917106,
    0.4356427733081926,
    0.43011383377166823,
    0.4310839040030969,
    0.4196722617330022,
    0.4221994887750107,
    0.41321628216316314,
    0.4296811302395409,
    0.4099401291555578,
    0.4249404666872244,
    0.4042451462137522,
    0.4083122524744119,
    0.42146477216151473,
    0.4093401380820913
  ],
  "train_acc": [
    0.7133964817320704,
    0.8125845737483086,
    0.8219215155615698,
    0.8355886332882274,
    0.8358592692828147,
    0.8378890392422192,
    0.8373477672530447,
    0.8580514208389717,
    0.8603518267929635,
    0.8581867388362653,
    0.8663058186738837,
    0.8656292286874155,
    0.8667117726657646,
    0.8627875507442491,
    0.8686062246278756,
    0.8645466847090664,
    0.8742895805142085,
    0.8669824086603519,
    0.8627875507442491,
    0.8667117726657646
  ],
  "val_loss": [
    0.5503275406119494,
    0.4344913419218341,
    0.397288042924799,
    0.5082926284875038,
    0.36920163244498816,
    0.38356019900322863,
    0.3779291853817314,
    0.39558831275489026,
    0.37489305641949555,
    0.36816944547383734,
    0.35300650781988346,
    0.3419115367414978,
    0.3567553315165673,
    0.35253186228151717,
    0.360125899540941,
    0.35245608345295776,
    0.3547598333033237,
    0.3511055934368886,
    0.34096439859056293,
    0.3451527612926686
  ],
  "val_acc": [
    0.8356510745891278,
    0.8640960809102403,
    0.8761061946902655,
    0.8350189633375474,
    0.8786346396965867,
    0.8723135271807839,
    0.8836915297092289,
    0.8735777496839444,
    0.8767383059418459,
    0.8824273072060683,
    0.8868520859671303,
    0.8893805309734514,
    0.8805309734513275,
    0.8855878634639698,
    0.8849557522123894,
    0.8887484197218711,
    0.8849557522123894,
    0.8849557522123894,
    0.8900126422250316,
    0.88621997471555
  ],
  "best_val_acc": 0.8900126422250316,
  "test_acc": 0.904911838790932,
  "training_time": 1121.498233795166,
  "epochs": 20,
  "learning_rate": 0.001,
  "timestamp": "2025-10-25 16:21:08"
}